-- phpMyAdmin SQL Dump
-- version 4.6.5.2
-- https://www.phpmyadmin.net/
--
-- Host: 127.0.0.1
-- Generation Time: Oct 29, 2018 at 03:24 AM
-- Server version: 10.1.21-MariaDB
-- PHP Version: 5.6.30

SET SQL_MODE = "NO_AUTO_VALUE_ON_ZERO";
SET time_zone = "+00:00";


/*!40101 SET @OLD_CHARACTER_SET_CLIENT=@@CHARACTER_SET_CLIENT */;
/*!40101 SET @OLD_CHARACTER_SET_RESULTS=@@CHARACTER_SET_RESULTS */;
/*!40101 SET @OLD_COLLATION_CONNECTION=@@COLLATION_CONNECTION */;
/*!40101 SET NAMES utf8mb4 */;

--
-- Database: `codingnc_mtkr`
--

-- --------------------------------------------------------

--
-- Table structure for table `course`
--

CREATE TABLE `course` (
  `course_id` int(11) NOT NULL,
  `course_code` varchar(200) NOT NULL,
  `course_name` varchar(500) NOT NULL,
  `course_pic` varchar(200) NOT NULL,
  `course_date` varchar(100) NOT NULL,
  `course_price` varchar(10) NOT NULL,
  `course_order` int(11) NOT NULL,
  `course_show` int(11) NOT NULL
) ENGINE=InnoDB DEFAULT CHARSET=utf8;

--
-- Dumping data for table `course`
--

INSERT INTO `course` (`course_id`, `course_code`, `course_name`, `course_pic`, `course_date`, `course_price`, `course_order`, `course_show`) VALUES
(1, '-', '“เลื่อนวิทยฐานะเกณฑ์ใหม่ ว.21 ครูชำนาญการ/ชำนาญการพิเศษ/เชี่ยวชาญ”', 'C004.jpg', 'ระยะเวลา 10-11 พฤศจิกายน 2561', '1,800', 1, 1),
(2, '611161124', 'หลักสูตรพัฒนาครูปฐมวัย “การจัดประสบการณ์การเรียนรู้บูรณาการเพื่อพัฒนาสมอง EF สำหรับเด็กปฐมวัย”', 'C001.jpg', '12 ชั่วโมง', '3,750', 2, 1),
(5, '613181100', 'หลักสูตรฝึกอบรม การเสริมสร้างสมรรถนะครูกลุ่มสาระการเรียนรู้วิทยาศาสตร์และคณิตศาสตร์ด้านการวิจัยทางการศึกษาเพื่อพัฒนาทักษะการคิดเลขเป็น การคิดอย่างมีวิจารณญาณ และการคิดแก้ปัญหาของผู้เรียนระดับมัธยมศึกษาตอนต้น', 'C002.jpg', 'จำนวน 13 ชั่วโมง', '3,640', 3, 1),
(6, '612181202', 'หลักสูตรฝึกอบรม การเสริมสร้างสมรรถนะครูกลุ่มสาระการเรียนรู้คณิตศาสตร์และวิทยาศาสตร์ด้านออกแบบหน่วยการเรียนรู้และการจัดกิจกรรมการเรียนรู้แบบ Active Learning ระดับประถมศึกษา', 'C003.jpg', 'จำนวน 12 ชั่วโมง', '3,800', 4, 1);

-- --------------------------------------------------------

--
-- Table structure for table `lecturer`
--

CREATE TABLE `lecturer` (
  `lecturer_id` int(11) NOT NULL,
  `lecturer_name` varchar(200) NOT NULL,
  `recentwork_id` int(11) NOT NULL,
  `lecturer_order` int(11) NOT NULL,
  `lecturer_pic` varchar(200) NOT NULL
) ENGINE=InnoDB DEFAULT CHARSET=utf8;

--
-- Dumping data for table `lecturer`
--

INSERT INTO `lecturer` (`lecturer_id`, `lecturer_name`, `recentwork_id`, `lecturer_order`, `lecturer_pic`) VALUES
(1, 'ดร.อวยพร  ออละมาลี', 7, 1, 'lecturer_0001.jpg'),
(2, 'ศน.โชติกา  กุณสิทธิ์', 7, 2, ''),
(3, 'ดร.แสง  โชตบุญ', 7, 3, ''),
(4, 'ดร.พณารัตน์  บุตชารี', 7, 4, ''),
(5, 'อ.ศุภางค์ศรี  ชัยมาโย', 7, 5, ''),
(6, 'ดร.อวยพร  ออละมาลี', 3, 1, ''),
(7, 'ศน.โชติกา  กุณสิทธิ์', 3, 2, ''),
(8, 'ดร.แสง  โชตบุญ', 3, 3, ''),
(9, 'ศน.เกสี  ชัยมาโย', 3, 4, ''),
(10, 'อ.ศุภางค์ศรี  ชัยมาโย', 3, 5, ''),
(11, 'ดร.ศิริกาญจนารัตน์  พละศึก', 5, 1, ''),
(12, 'ดร.อนุชิต  จันทศิลา', 5, 2, ''),
(13, 'ศน.ปราชิญา  ศิรินิกร', 5, 3, ''),
(14, 'รอง ผ.อ.ยุทธชัย  จริตน้อม', 5, 4, ''),
(15, 'อ.ขนิษฐา  ศรีวรกุล', 5, 5, ''),
(16, 'ดร.ศิริกาญจนารัตน์  พละศึก', 1, 1, ''),
(17, 'ดร.อนุชิต  จันทศิลา', 1, 2, ''),
(18, 'ศน.ปราชิญา  ศิรินิกร', 1, 3, ''),
(19, 'รอง ผ.อ.ยุทธชัย  จริตน้อม', 1, 4, ''),
(20, 'อ.ขนิษฐา  ศรีวรกุล', 1, 5, ''),
(21, 'ดร.วิไลวรรณ  สิทธิ', 6, 1, ''),
(22, 'ดร.นิพนธ์  บรรพสาร', 6, 2, ''),
(23, 'ดร.เพชรปาณี  อินทรพาณิชย์', 6, 3, ''),
(24, 'ดร.นัยนา  ฉายวงค์', 6, 4, ''),
(25, 'ผ.อ.วิญญู  คำหา', 6, 5, ''),
(26, 'ดร.วิไลวรรณ  สิทธิ', 2, 1, ''),
(27, 'ดร.นิพนธ์  บรรพสาร', 2, 2, ''),
(28, 'ดร.เพชรปาณี  อินทรพาณิชย์', 2, 3, ''),
(29, 'ดร.นัยนา  ฉายวงค์', 2, 4, ''),
(30, 'ผ.อ.วิญญู  คำหา', 2, 5, '');

-- --------------------------------------------------------

--
-- Table structure for table `news`
--

CREATE TABLE `news` (
  `news_id` int(11) NOT NULL,
  `news_name` varchar(500) NOT NULL,
  `news_detail` varchar(5000) NOT NULL,
  `news_pic_cover` varchar(200) NOT NULL,
  `news_date` datetime NOT NULL DEFAULT '0000-00-00 00:00:00' ON UPDATE CURRENT_TIMESTAMP,
  `news_order` int(11) NOT NULL,
  `news_show` int(11) NOT NULL DEFAULT '0'
) ENGINE=InnoDB DEFAULT CHARSET=utf8;

--
-- Dumping data for table `news`
--

INSERT INTO `news` (`news_id`, `news_name`, `news_detail`, `news_pic_cover`, `news_date`, `news_order`, `news_show`) VALUES
(1, 'ด่วน! ผู้ที่สนใจ “เลื่อนวิทยฐานะเกณฑ์ใหม่ ว.21 ครูชำนาญการ/ชำนาญการพิเศษ/เชี่ยวชาญ”', '<p><img src=\"http://www.mittaikhuru.co.th/assets/images/C004.jpg\" width=\"100%\"></p>                   <p><a href=\"https://goo.gl/forms/3uiEZxIYuRsy7A1C3\" class=\"btn btn-success\">ลงทะเบียน</a></p>', '', '2018-10-29 08:50:39', 1, 1);

-- --------------------------------------------------------

--
-- Table structure for table `pic`
--

CREATE TABLE `pic` (
  `pic_id` int(11) NOT NULL,
  `recentwork_id` int(11) NOT NULL,
  `pic_group_id` int(11) NOT NULL,
  `pic_name` varchar(200) NOT NULL
) ENGINE=InnoDB DEFAULT CHARSET=utf8;

--
-- Dumping data for table `pic`
--

INSERT INTO `pic` (`pic_id`, `recentwork_id`, `pic_group_id`, `pic_name`) VALUES
(1, 7, 1, 'recentwork_d_0002.jpg'),
(2, 7, 1, 'recentwork_d_0003.jpg'),
(3, 7, 1, 'recentwork_d_0004.jpg'),
(4, 7, 1, 'recentwork_d_0005.jpg'),
(5, 7, 2, 'recentwork_d_0006.jpg'),
(6, 7, 2, 'recentwork_d_0007.jpg'),
(7, 7, 2, 'recentwork_d_0008.jpg'),
(8, 7, 3, 'recentwork_d_0009.jpg'),
(9, 7, 3, 'recentwork_d_0010.jpg'),
(10, 7, 3, 'recentwork_d_0011.jpg'),
(11, 7, 3, 'recentwork_d_0012.jpg'),
(12, 7, 3, 'recentwork_d_0013.jpg'),
(13, 7, 3, 'recentwork_d_0014.jpg'),
(14, 7, 3, 'recentwork_d_0015.jpg'),
(15, 7, 3, 'recentwork_d_0016.jpg'),
(16, 7, 3, 'recentwork_d_0017.jpg'),
(17, 7, 3, 'recentwork_d_0018.jpg'),
(18, 7, 3, 'recentwork_d_0019.jpg'),
(19, 7, 3, 'recentwork_d_0020.jpg'),
(20, 7, 3, 'recentwork_d_0021.jpg'),
(21, 7, 3, 'recentwork_d_0022.jpg'),
(22, 7, 3, 'recentwork_d_0023.jpg'),
(23, 7, 3, 'recentwork_d_0024.jpg'),
(24, 7, 3, 'recentwork_d_0025.jpg'),
(25, 7, 3, 'recentwork_d_0026.jpg'),
(26, 7, 3, 'recentwork_d_0027.jpg'),
(27, 7, 3, 'recentwork_d_0028.jpg'),
(28, 7, 3, 'recentwork_d_0029.jpg'),
(29, 7, 3, 'recentwork_d_0030.jpg'),
(30, 7, 3, 'recentwork_d_0031.jpg'),
(31, 7, 3, 'recentwork_d_0032.jpg'),
(32, 0, 0, ''),
(33, 0, 0, ''),
(34, 0, 0, ''),
(35, 0, 0, ''),
(36, 0, 0, ''),
(37, 0, 0, ''),
(38, 7, 4, 'recentwork_d_0033.jpg'),
(39, 7, 4, 'recentwork_d_0034.jpg'),
(40, 7, 4, 'recentwork_d_0035.jpg'),
(41, 7, 4, 'recentwork_d_0036.jpg'),
(42, 7, 4, 'recentwork_d_0037.jpg'),
(43, 7, 4, 'recentwork_d_0038.jpg'),
(44, 7, 4, 'recentwork_d_0039.jpg'),
(45, 7, 4, 'recentwork_d_0040.jpg'),
(46, 7, 5, 'recentwork_d_0041.jpg'),
(47, 7, 5, 'recentwork_d_0042.jpg'),
(48, 7, 5, 'recentwork_d_0043.jpg'),
(49, 7, 5, 'recentwork_d_0044.jpg'),
(50, 0, 0, ''),
(51, 7, 6, 'recentwork_d_0045.jpg'),
(52, 7, 6, 'recentwork_d_0046.jpg'),
(53, 7, 6, 'recentwork_d_0047.jpg'),
(54, 7, 6, 'recentwork_d_0048.jpg'),
(55, 7, 6, 'recentwork_d_0049.jpg'),
(56, 7, 6, 'recentwork_d_0050.jpg'),
(57, 7, 6, 'recentwork_d_0051.jpg'),
(58, 3, 8, '611161124_2_0002.jpg'),
(59, 3, 8, '611161124_2_0003.jpg'),
(60, 3, 8, '611161124_2_0004.jpg'),
(61, 3, 8, '611161124_2_0005.jpg'),
(62, 3, 8, '611161124_2_0006.jpg'),
(63, 3, 8, '611161124_2_0007.jpg'),
(64, 3, 8, '611161124_2_0008.jpg'),
(65, 3, 8, '611161124_2_0009.jpg'),
(66, 3, 8, '611161124_2_0010.jpg'),
(67, 3, 8, '611161124_2_0011.jpg'),
(68, 3, 8, '611161124_2_0012.jpg'),
(69, 3, 8, '611161124_2_0013.jpg'),
(70, 3, 8, '611161124_2_0014.jpg'),
(71, 3, 8, '611161124_2_0015.jpg'),
(72, 3, 8, '611161124_2_0016.jpg'),
(73, 3, 8, '611161124_2_0017.jpg'),
(74, 3, 8, '611161124_2_0018.jpg'),
(75, 3, 8, '611161124_2_0019.jpg'),
(76, 3, 9, '611161124_2_0020.jpg'),
(77, 3, 9, '611161124_2_0021.jpg'),
(78, 3, 9, '611161124_2_0022.jpg'),
(79, 3, 9, '611161124_2_0023.jpg'),
(80, 3, 9, '611161124_2_0024.jpg'),
(81, 3, 9, '611161124_2_0025.jpg'),
(82, 3, 9, '611161124_2_0026.jpg'),
(83, 3, 9, '611161124_2_0027.jpg'),
(84, 3, 9, '611161124_2_0028.jpg'),
(85, 3, 9, '611161124_2_0029.jpg'),
(86, 3, 9, '611161124_2_0030.jpg'),
(87, 3, 9, '611161124_2_0031.jpg'),
(88, 3, 9, '611161124_2_0032.jpg'),
(89, 3, 9, '611161124_2_0033.jpg'),
(90, 0, 0, ''),
(91, 3, 10, '611161124_2_0034.jpg'),
(92, 3, 10, '611161124_2_0035.jpg'),
(93, 3, 10, '611161124_2_0036.jpg'),
(94, 3, 10, '611161124_2_0037.jpg'),
(95, 3, 10, '611161124_2_0038.jpg'),
(96, 3, 10, '611161124_2_0039.jpg'),
(97, 3, 10, '611161124_2_0010.jpg'),
(98, 0, 0, ''),
(99, 3, 11, '611161124_2_0041.jpg'),
(100, 3, 11, '611161124_2_0042.jpg'),
(101, 3, 11, '611161124_2_0043.jpg'),
(102, 3, 11, '611161124_2_0044.jpg'),
(103, 3, 11, '611161124_2_0045.jpg'),
(104, 3, 11, '611161124_2_0046.jpg'),
(105, 3, 11, '611161124_2_0047.jpg'),
(106, 3, 11, '611161124_2_0048.jpg'),
(107, 3, 11, '611161124_2_0049.jpg'),
(108, 3, 11, '611161124_2_0050.jpg'),
(109, 5, 12, '612181202_1_002.jpg'),
(110, 5, 12, '612181202_1_003.jpg'),
(111, 5, 12, '612181202_1_004.jpg'),
(112, 5, 13, '612181202_1_005.jpg'),
(113, 5, 13, '612181202_1_006.jpg'),
(114, 5, 13, '612181202_1_007.jpg'),
(115, 5, 13, '612181202_1_008.jpg'),
(116, 5, 13, '612181202_1_009.jpg'),
(117, 5, 14, '612181202_1_010.jpg'),
(118, 5, 14, '612181202_1_011.jpg'),
(119, 5, 14, '612181202_1_013.jpg'),
(120, 5, 14, '612181202_1_014.jpg'),
(121, 5, 14, '612181202_1_015.jpg'),
(122, 5, 14, '612181202_1_016.jpg'),
(123, 5, 14, '612181202_1_017.jpg'),
(124, 5, 14, '612181202_1_018.jpg'),
(125, 5, 14, '612181202_1_019.jpg'),
(126, 5, 14, '612181202_1_020.jpg'),
(127, 5, 14, '612181202_1_021.jpg'),
(128, 5, 14, '612181202_1_022.jpg'),
(129, 5, 14, '612181202_1_023.jpg'),
(130, 5, 14, '612181202_1_024.jpg'),
(131, 5, 14, '612181202_1_025.jpg'),
(132, 5, 14, '612181202_1_026.jpg'),
(133, 5, 14, '612181202_1_027.jpg'),
(134, 5, 14, '612181202_1_028.jpg'),
(135, 5, 14, '612181202_1_029.jpg'),
(136, 5, 14, '612181202_1_030.jpg'),
(137, 5, 14, '612181202_1_031.jpg'),
(138, 5, 14, '612181202_1_032.jpg'),
(139, 5, 14, '612181202_1_033.jpg'),
(140, 5, 14, '612181202_1_034.jpg'),
(141, 5, 14, '612181202_1_035.jpg'),
(142, 5, 14, '612181202_1_036.jpg'),
(143, 5, 14, '612181202_1_037.jpg'),
(144, 5, 15, '612181202_1_038.jpg'),
(145, 5, 15, '612181202_1_039.jpg'),
(146, 5, 15, '612181202_1_040.jpg'),
(147, 5, 15, '612181202_1_041.jpg'),
(148, 5, 16, '612181202_1_042.jpg'),
(149, 5, 16, '612181202_1_043.jpg'),
(150, 5, 16, '612181202_1_044.jpg'),
(151, 5, 16, '612181202_1_045.jpg'),
(152, 5, 16, '612181202_1_046.jpg'),
(153, 5, 16, '612181202_1_047.jpg'),
(154, 5, 16, '612181202_1_048.jpg'),
(155, 5, 16, '612181202_1_049.jpg'),
(156, 1, 17, '612181202_3_002.JPG'),
(157, 1, 18, '612181202_3_003.JPG'),
(158, 1, 18, '612181202_3_004.JPG'),
(159, 1, 18, '612181202_3_005.JPG'),
(160, 1, 19, '612181202_3_006.JPG'),
(161, 1, 19, '612181202_3_008.JPG'),
(162, 1, 19, '612181202_3_008.JPG'),
(163, 1, 19, '612181202_3_009.JPG'),
(164, 1, 19, '612181202_3_010.JPG'),
(165, 1, 19, '612181202_3_011.JPG'),
(166, 1, 19, '612181202_3_012.JPG'),
(167, 1, 19, '612181202_3_013.JPG'),
(168, 1, 19, '612181202_3_014.JPG'),
(169, 1, 19, '612181202_3_015.JPG'),
(170, 1, 19, '612181202_3_016.JPG'),
(171, 1, 19, '612181202_3_017.JPG'),
(172, 1, 19, '612181202_3_018.JPG'),
(173, 1, 19, '612181202_3_019.JPG'),
(174, 1, 19, '612181202_3_020.JPG'),
(175, 1, 19, '612181202_3_021.JPG'),
(176, 1, 19, '612181202_3_022.JPG'),
(177, 1, 19, '612181202_3_023.JPG'),
(178, 1, 19, '612181202_3_024.JPG'),
(179, 1, 19, '612181202_3_025.JPG'),
(180, 1, 19, '612181202_3_026.JPG'),
(181, 1, 19, '612181202_3_027.JPG'),
(182, 1, 19, '612181202_3_028.JPG'),
(183, 1, 19, '612181202_3_029.JPG'),
(184, 1, 19, '612181202_3_030.JPG'),
(185, 1, 19, '612181202_3_031.JPG'),
(186, 1, 19, '612181202_3_032.JPG'),
(187, 1, 19, '612181202_3_033.JPG'),
(188, 1, 19, '612181202_3_034.JPG'),
(189, 1, 19, '612181202_3_035.JPG'),
(190, 1, 19, '612181202_3_036.JPG'),
(191, 1, 19, '612181202_3_037.JPG'),
(192, 1, 19, '612181202_3_038.JPG'),
(193, 1, 19, '612181202_3_039.JPG'),
(194, 1, 19, '612181202_3_040.JPG'),
(195, 1, 19, '612181202_3_041.JPG'),
(196, 1, 19, '612181202_3_042.JPG'),
(197, 1, 19, '612181202_3_043.JPG'),
(198, 1, 19, '612181202_3_044.JPG'),
(199, 1, 19, '612181202_3_045.JPG'),
(200, 1, 19, '612181202_3_046.JPG'),
(201, 1, 20, '612181202_3_047.JPG'),
(202, 1, 20, '612181202_3_048.JPG'),
(203, 1, 20, '612181202_3_049.JPG'),
(204, 1, 20, '612181202_3_050.JPG'),
(205, 6, 21, '613181100_1_002.JPG'),
(206, 6, 21, '613181100_1_003.JPG'),
(207, 6, 21, '613181100_1_004.JPG'),
(208, 6, 21, '613181100_1_005.JPG'),
(209, 6, 22, '613181100_1_006.JPG'),
(210, 6, 22, '613181100_1_007.JPG'),
(211, 6, 22, '613181100_1_008.JPG'),
(212, 6, 22, '613181100_1_009.JPG'),
(213, 6, 22, '613181100_1_010.JPG'),
(214, 6, 22, '613181100_1_011.JPG'),
(215, 6, 22, '613181100_1_012.JPG'),
(216, 6, 23, '613181100_1_013.JPG'),
(217, 6, 23, '613181100_1_014.JPG'),
(218, 6, 23, '613181100_1_015.JPG'),
(219, 6, 23, '613181100_1_016.JPG'),
(220, 6, 23, '613181100_1_017.JPG'),
(221, 6, 23, '613181100_1_018.JPG'),
(222, 6, 23, '613181100_1_019.JPG'),
(223, 6, 23, '613181100_1_020.JPG'),
(224, 6, 23, '613181100_1_021.JPG'),
(225, 6, 23, '613181100_1_022.JPG'),
(226, 6, 23, '613181100_1_023.JPG'),
(227, 6, 23, '613181100_1_024.JPG'),
(228, 6, 23, '613181100_1_025.JPG'),
(229, 6, 23, '613181100_1_026.JPG'),
(230, 6, 23, '613181100_1_027.JPG'),
(231, 6, 23, '613181100_1_028.JPG'),
(232, 6, 24, '613181100_1_029.JPG'),
(233, 6, 24, '613181100_1_030.JPG'),
(234, 6, 24, '613181100_1_031.JPG'),
(235, 6, 24, '613181100_1_032.JPG'),
(236, 6, 24, '613181100_1_033.JPG'),
(237, 6, 25, '613181100_1_034.JPG'),
(238, 6, 25, '613181100_1_035.JPG'),
(239, 6, 25, '613181100_1_036.JPG'),
(240, 6, 25, '613181100_1_037.JPG'),
(241, 6, 26, '613181100_1_038.JPG'),
(242, 6, 26, '613181100_1_039.JPG'),
(243, 6, 26, '613181100_1_040.JPG'),
(244, 6, 26, '613181100_1_041.JPG'),
(245, 6, 26, '613181100_1_042.JPG'),
(246, 6, 26, '613181100_1_043.JPG'),
(247, 6, 26, '613181100_1_044.JPG'),
(248, 6, 26, '613181100_1_045.JPG'),
(249, 6, 26, '613181100_1_046.JPG'),
(250, 6, 26, '613181100_1_047.JPG'),
(251, 6, 26, '613181100_1_048.JPG'),
(252, 6, 26, '613181100_1_049.JPG'),
(253, 6, 26, '613181100_1_050.JPG'),
(254, 6, 26, '613181100_1_051.JPG'),
(255, 6, 26, '613181100_1_052.JPG'),
(256, 2, 28, '613181100_4_000002.JPG'),
(257, 2, 28, '613181100_4_000003.JPG'),
(258, 2, 28, '613181100_4_000004.JPG'),
(259, 2, 29, '613181100_4_000005.JPG'),
(260, 2, 29, '613181100_4_000006.JPG'),
(261, 2, 29, '613181100_4_000007.JPG'),
(262, 2, 29, '613181100_4_000008.JPG'),
(263, 2, 29, '613181100_4_000009.JPG'),
(264, 2, 29, '613181100_4_000010.JPG'),
(265, 2, 29, '613181100_4_000011.JPG'),
(266, 2, 29, '613181100_4_000012.JPG'),
(267, 2, 29, '613181100_4_000013.JPG'),
(268, 2, 29, '613181100_4_000014.JPG'),
(269, 2, 29, '613181100_4_000015.JPG'),
(270, 2, 29, '613181100_4_000016.JPG'),
(271, 2, 29, '613181100_4_000017.JPG'),
(272, 2, 29, '613181100_4_000018.JPG'),
(273, 2, 29, '613181100_4_000019.JPG'),
(274, 2, 29, '613181100_4_000020.JPG'),
(275, 2, 29, '613181100_4_000021.JPG'),
(276, 2, 29, '613181100_4_000022.JPG'),
(277, 2, 29, '613181100_4_000023.JPG'),
(278, 2, 29, '613181100_4_000024.JPG'),
(279, 2, 29, '613181100_4_000025.JPG'),
(280, 2, 29, '613181100_4_000026.JPG'),
(281, 2, 29, '613181100_4_000027.JPG'),
(282, 2, 29, '613181100_4_000028.JPG'),
(283, 2, 30, '613181100_4_000029.JPG'),
(284, 2, 30, '613181100_4_000030.JPG'),
(285, 2, 30, '613181100_4_000031.JPG'),
(286, 2, 30, '613181100_4_000032.JPG'),
(287, 2, 30, '613181100_4_000033.JPG'),
(288, 2, 30, '613181100_4_000034.JPG'),
(289, 2, 30, '613181100_4_000035.JPG'),
(290, 2, 30, '613181100_4_000036.JPG'),
(291, 2, 30, '613181100_4_000037.JPG'),
(292, 2, 30, '613181100_4_000038.JPG'),
(293, 2, 30, '613181100_4_000039.JPG'),
(294, 2, 30, '613181100_4_000040.JPG'),
(295, 2, 30, '613181100_4_000041.JPG'),
(296, 2, 30, '613181100_4_000042.JPG'),
(297, 2, 30, '613181100_4_000043.JPG'),
(298, 2, 30, '613181100_4_000044.JPG'),
(299, 2, 30, '613181100_4_000045.JPG'),
(300, 2, 30, '613181100_4_000046.JPG'),
(301, 2, 30, '613181100_4_000047.JPG'),
(302, 2, 30, '613181100_4_000048.JPG'),
(303, 2, 30, '613181100_4_000049.JPG'),
(304, 2, 30, '613181100_4_000050.JPG');

-- --------------------------------------------------------

--
-- Table structure for table `pic_group`
--

CREATE TABLE `pic_group` (
  `pic_group_id` int(11) NOT NULL,
  `pic_group_name` varchar(200) NOT NULL,
  `recentwork_id` int(11) NOT NULL,
  `pic_group_order` int(11) NOT NULL
) ENGINE=InnoDB DEFAULT CHARSET=utf8;

--
-- Dumping data for table `pic_group`
--

INSERT INTO `pic_group` (`pic_group_id`, `pic_group_name`, `recentwork_id`, `pic_group_order`) VALUES
(1, 'ผู้เข้าอบรมลงทะเบียนกับทีม STAFF', 7, 1),
(2, 'ทดสอบก่อนเรียน (Pre-test)', 7, 2),
(3, 'ภาพกิจกรรมกลุ่ม', 7, 3),
(4, 'กิจกรรมผลิตชิ้นงาน', 7, 4),
(5, 'วิทยากรให้คำแนะนำและดูแลอย่างใกล้ชิด  พร้อมทั้งมอบของรางวัลสำหรับผู้ที่ได้คะแนนสูงสุดในการทดสอบ', 7, 5),
(6, 'รางวัลที่ดีที่สุดของเราคือรอยยิ้มจากผู้เข้าอบรม', 7, 6),
(8, 'ภาพกิจกรรม', 3, 1),
(9, 'ร่วมกันสร้างสรรค์ชิ้นงาน', 3, 2),
(10, 'วิทยากรเป็นกันเอง  คอยดูแลและให้คำแนะนำอย่างใกล้ชิด', 3, 3),
(11, 'รางวัลที่ดีที่สุดของเราคือรอยยิ้มจากผู้เข้าอบรม', 3, 4),
(12, 'ผู้เข้าอบรมลงทะเบียนกับทีม STAFF', 5, 1),
(13, 'ทำแบบทดสอบก่อนเรียน (Pre-test) ผ่านระบบออนไลน์', 5, 2),
(14, 'ภาพกิจกรรมการอบรม', 5, 3),
(15, 'วิทยากรให้คำแนะนำและดูแลอย่างใกล้ชิด  พร้อมทั้งมอบของรางวัลสำหรับกลุ่มที่ออกนำเสนอ', 5, 4),
(16, 'รางวัลที่ดีที่สุดของเราคือรอยยิ้มจากผู้เข้าอบรม', 5, 5),
(17, 'ผู้เข้าอบรมลงทะเบียนกับทีม STAFF', 1, 1),
(18, 'ทำแบบทดสอบก่อนเรียน (Pre-test) ', 1, 2),
(19, 'ภาพกิจกรรมการอบรม', 1, 3),
(20, 'วิทยากรให้คำแนะนำและดูแลอย่างใกล้ชิด  พร้อมทั้งมอบของรางวัลสำหรับกลุ่มที่ออกนำเสนอ', 1, 4),
(21, 'ผู้เข้าอบรมลงทะเบียนกับทีม STAFF', 6, 1),
(22, 'ผู้ตรวจจาก สพฐ. มาตรวจเยี่ยมหน่วยจัดอบรม', 6, 2),
(23, 'ภาพกิจกรรมการอบรม', 6, 3),
(24, 'วิทยากรให้คำแนะนำและดูแลอย่างใกล้ชิด  พร้อมทั้งมอบของรางวัลสำหรับกลุ่มที่ออกนำเสนอ', 6, 4),
(25, 'ทำแบบทดสอบหลังเรียน (Post – test)', 6, 5),
(26, 'รางวัลที่ดีที่สุดของเราคือรอยยิ้มจากผู้เข้าอบรม', 6, 6),
(28, 'ทำแบบทดสอบก่อนเรียน (Pre-test) ทางระบบออนไลน์', 2, 1),
(29, 'กิจกรรมการอบรม', 2, 2),
(30, 'วิทยากรให้คำแนะนำและดูแลอย่างใกล้ชิด  พร้อมทั้งมอบของรางวัลสำหรับกลุ่มที่ออกนำเสนอ', 2, 3);

-- --------------------------------------------------------

--
-- Table structure for table `recentwork`
--

CREATE TABLE `recentwork` (
  `recentwork_id` int(11) NOT NULL,
  `recentwork_title` varchar(200) NOT NULL,
  `recentwork_home_pic` varchar(200) NOT NULL,
  `recentwork_detail_pic` varchar(200) NOT NULL,
  `recentwork_detail` varchar(5000) NOT NULL,
  `recentwork_date` varchar(200) NOT NULL,
  `recentwork_order` int(11) NOT NULL,
  `recentwork_show` int(11) NOT NULL DEFAULT '0'
) ENGINE=InnoDB DEFAULT CHARSET=utf8;

--
-- Dumping data for table `recentwork`
--

INSERT INTO `recentwork` (`recentwork_id`, `recentwork_title`, `recentwork_home_pic`, `recentwork_detail_pic`, `recentwork_detail`, `recentwork_date`, `recentwork_order`, `recentwork_show`) VALUES
(1, '612181202-003', 'recentwork_0007.jpg', '612181202_3_000.JPG', 'หลักสูตรฝึกอบรม การเสริมสร้างสมรรถนะครูกลุ่มสาระการเรียนรู้คณิตศาสตร์และวิทยาศาสตร์ด้านออกแบบหน่วยการเรียนรู้และการจัดกิจกรรมการเรียนรู้แบบ Active Learning ระดับประถมศึกษา  รุ่นที่ 3  รหัสหลักสูตร  612181202-003  ตามโครงการฝึกอบรมครูรูปแบบครบวงจรของ สพฐ.  ประจำปี 2561', 'อบรมวันที่  8-9 กันยายน  2561', 1, 1),
(2, '613181100-004', 'recentwork_0006.jpg', '613181100_4_000000.JPG', 'หลักสูตรฝึกอบรม การเสริมสร้างสมรรถนะครูกลุ่มสาระการเรียนรู้วิทยาศาสตร์และคณิตศาสตร์ด้านการวิจัยทางการศึกษาเพื่อพัฒนาทักษะการคิดเลขเป็น การคิดอย่างมีวิจารณญาณ  และการคิดแก้ปัญหาของผู้เรียนระดับมัธยมศึกษาตอนต้น  รุ่นที่ 4 รหัสหลักสูตร 613181100-004  ตามโครงการฝึกอบรมครูรูปแบบครบวงจรของ สพฐ.  ประจำปี 2561', 'อบรมวันที่  25-26  สิงหาคม  2561', 2, 1),
(3, '611161124-002', 'recentwork_0005.jpg', '611161124_2_0000.jpg', 'หลักสูตรพัฒนาครูปฐมวัย “การจัดประสบการณ์การเรียนรู้บูรณาการเพื่อพัฒนาสมอง  EF  สำหรับเด็กปฐมวัย”  รุ่นที่ 2   รหัสหลักสูตร  611161124-002  ตามโครงการฝึกอบรมครูรูปแบบครบวงจรของ สพฐ.  ประจำปี 2561', 'อบรมวันที่  18-19  สิงหาคม  2561', 3, 1),
(4, '611161124-004', 'recentwork_0004.jpg', '', 'หลักสูตรพัฒนาครูปฐมวัย “การจัดประสบการณ์การเรียนรู้บูรณาการเพื่อพัฒนาสมอง  EF  สำหรับเด็กปฐมวัย”  รุ่นที่ 4   รหัสหลักสูตร  611161124-004  ตามโครงการฝึกอบรมครูรูปแบบครบวงจรของ สพฐ.  ประจำปี 2561', 'อบรมวันที่  4-5  สิงหาคม  2561', 4, 0),
(5, '612181202-001  ', 'recentwork_0003.jpg', '612181202_1_000.jpg', 'หลักสูตรฝึกอบรม การเสริมสร้างสมรรถนะครูกลุ่มสาระการเรียนรู้คณิตศาสตร์และวิทยาศาสตร์ด้านออกแบบหน่วยการเรียนรู้และการจัดกิจกรรมการเรียนรู้แบบ Active Learning ระดับประถมศึกษา  รุ่นที่ 1  รหัสหลักสูตร  612181202-001  ตามโครงการฝึกอบรมครูรูปแบบครบวงจรของ สพฐ.  ประจำปี 2561', 'อบรมวันที่  21-22  กรกฎาคม  2561', 5, 1),
(6, '613181100-001', 'recentwork_0002.jpg', '613181100_1_000.JPG', 'หลักสูตรฝึกอบรม การเสริมสร้างสมรรถนะครูกลุ่มสาระการเรียนรู้วิทยาศาสตร์และคณิตศาสตร์ด้านการวิจัยทางการศึกษาเพื่อพัฒนาทักษะการคิดเลขเป็น การคิดอย่างมีวิจารณญาณ  และการคิดแก้ปัญหาของผู้เรียนระดับมัธยมศึกษาตอนต้น  รุ่นที่ 1 รหัสหลักสูตร 613181100-001  ตามโครงการฝึกอบรมครูรูปแบบครบวงจรของ สพฐ.  ประจำปี 2561', 'อบรมวันที่  14-15  กรกฎาคม  2561', 6, 1),
(7, '611161124-001', 'recentwork_0001.jpg', 'recentwork_0000.jpg', 'หลักสูตรพัฒนาครูปฐมวัย “การจัดประสบการณ์การเรียนรู้บูรณาการเพื่อพัฒนาสมอง  EF  สำหรับเด็กปฐมวัย”  รุ่นที่ 1   รหัสหลักสูตร  611161124-001  ตามโครงการฝึกอบรมครูรูปแบบครบวงจรของ สพฐ.  ประจำปี 2561', 'อบรมวันที่  30  มิถุนายน - 1  กรกฎาคม  2561', 7, 1);

-- --------------------------------------------------------

--
-- Table structure for table `recentwork_detail`
--

CREATE TABLE `recentwork_detail` (
  `recentwork_detail_id` int(11) NOT NULL,
  `recentwork_id` int(11) NOT NULL,
  `recentwork_detail_title` varchar(200) NOT NULL,
  `recentwork_detail` varchar(5000) NOT NULL
) ENGINE=InnoDB DEFAULT CHARSET=utf8;

--
-- Indexes for dumped tables
--

--
-- Indexes for table `course`
--
ALTER TABLE `course`
  ADD PRIMARY KEY (`course_id`);

--
-- Indexes for table `lecturer`
--
ALTER TABLE `lecturer`
  ADD PRIMARY KEY (`lecturer_id`);

--
-- Indexes for table `news`
--
ALTER TABLE `news`
  ADD PRIMARY KEY (`news_id`);

--
-- Indexes for table `pic`
--
ALTER TABLE `pic`
  ADD PRIMARY KEY (`pic_id`);

--
-- Indexes for table `pic_group`
--
ALTER TABLE `pic_group`
  ADD PRIMARY KEY (`pic_group_id`);

--
-- Indexes for table `recentwork`
--
ALTER TABLE `recentwork`
  ADD PRIMARY KEY (`recentwork_id`);

--
-- Indexes for table `recentwork_detail`
--
ALTER TABLE `recentwork_detail`
  ADD PRIMARY KEY (`recentwork_detail_id`);

--
-- AUTO_INCREMENT for dumped tables
--

--
-- AUTO_INCREMENT for table `course`
--
ALTER TABLE `course`
  MODIFY `course_id` int(11) NOT NULL AUTO_INCREMENT, AUTO_INCREMENT=7;
--
-- AUTO_INCREMENT for table `lecturer`
--
ALTER TABLE `lecturer`
  MODIFY `lecturer_id` int(11) NOT NULL AUTO_INCREMENT, AUTO_INCREMENT=31;
--
-- AUTO_INCREMENT for table `news`
--
ALTER TABLE `news`
  MODIFY `news_id` int(11) NOT NULL AUTO_INCREMENT, AUTO_INCREMENT=2;
--
-- AUTO_INCREMENT for table `pic`
--
ALTER TABLE `pic`
  MODIFY `pic_id` int(11) NOT NULL AUTO_INCREMENT, AUTO_INCREMENT=305;
--
-- AUTO_INCREMENT for table `pic_group`
--
ALTER TABLE `pic_group`
  MODIFY `pic_group_id` int(11) NOT NULL AUTO_INCREMENT, AUTO_INCREMENT=31;
--
-- AUTO_INCREMENT for table `recentwork`
--
ALTER TABLE `recentwork`
  MODIFY `recentwork_id` int(11) NOT NULL AUTO_INCREMENT, AUTO_INCREMENT=8;
--
-- AUTO_INCREMENT for table `recentwork_detail`
--
ALTER TABLE `recentwork_detail`
  MODIFY `recentwork_detail_id` int(11) NOT NULL AUTO_INCREMENT;
/*!40101 SET CHARACTER_SET_CLIENT=@OLD_CHARACTER_SET_CLIENT */;
/*!40101 SET CHARACTER_SET_RESULTS=@OLD_CHARACTER_SET_RESULTS */;
/*!40101 SET COLLATION_CONNECTION=@OLD_COLLATION_CONNECTION */;
